{
  "relationships_following": [
    {
      "title": "",
      "media_list_data": [],
      "string_list_data": [
        {
          "href": "https://www.instagram.com/userMutual",
          "value": "userMutual",
          "timestamp": 0
        }
      ]
    },
    {
      "title": "",
      "media_list_data": [],
      "string_list_data": [
        {
          "href": "https://www.instagram.com/userThatDoesntFollowYou",
          "value": "userThatDoesntFollowYou",
          "timestamp": 0
        }
      ]
    }
  ]
}